No;Countries;Y1970;Y1971;Y1972;Y1973;Y1974;Y1975;Y1976;Y1977;Y1978;Y1979;Y1980;Y1981;Y1982;Y1983;Y1984;Y1985;Y1986;Y1987;Y1988;Y1989;Y1990;Y1991;Y1992;Y1993;Y1994;Y1995;Y1996;Y1997;Y1998;Y1999;Y2000;Y2001;Y2002;Y2003
1;Afghanistan;7.564475773;7.591101929;7.617458191;7.642963026;7.667138742;7.689547503;7.709764379;7.727451813;7.742316236;7.753894672;7.761614978;7.764669505;7.761995566;7.752467945;7.735038738;7.708868291;7.673394778;7.628392726;7.574127667;7.511174265;7.440291232;7.362342452;7.27826054;7.189362037;7.096961383;7.001989729;6.904959746;6.805942092;6.704858815;6.601958243;6.498111166;6.394634865;6.292025918;6.1898844
2;Algeria;8.303370904;8.321349099;8.339473216;8.3577126;8.376283946;8.395497691;8.415485768;8.436118912;8.457170234;8.478224863;8.498719245;8.518323774;8.536782796;8.553793232;8.569083014;8.582423794;8.593677963;8.602763511;8.609753786;8.614936509;8.61863914;8.621218328;8.623046955;8.624493024;8.625950802;8.627753334;8.630073117;8.632963441;8.636439776;8.640446972;8.644873759;8.649588954;8.654492933;8.659494046
3;Antigua;8.439047604;8.452210905;8.465652158;8.479801014;8.49533759;8.513046419;8.533850054;8.558616202;8.587859435;8.621845292;8.660527841;8.703727654;8.751091653;8.801937065;8.855287811;8.910324136;8.966282485;9.022429889;9.078047275;9.132280868;9.184530637;9.2343879;9.281699346;9.326422139;9.368606942;9.408469942;9.446414188;9.482808311;9.517976297;9.552207201;9.585801932;9.619057918;9.652186649;9.685274854
4;Argentina;9.227114036;9.227052202;9.226882516;9.226442258;9.225513734;9.223883469;9.221443654;9.218141888;9.213924578;9.208841514;9.20295656;9.196510171;9.189955318;9.183799522;9.178471248;9.17439497;9.172031623;9.171661462;9.173540889;9.177926997;9.18496815;9.194477126;9.205843429;9.218260261;9.230945448;9.243227272;9.254613451;9.264668825;9.273065409;9.27971152;9.284800441;9.288720189;9.291985235;9.29508108
5;Australia;9.601884785;9.617660183;9.633415254;9.649138431;9.664834223;9.680569256;9.696388506;9.712310311;9.728351422;9.744505078;9.760778085;9.777181123;9.793741548;9.810530134;9.827558548;9.844805007;9.862239408;9.879868745;9.897713289;9.915842881;9.9343754;9.953492457;9.973350994;9.994029453;10.01552998;10.03778602;10.06069005;10.08410968;10.10789826;10.13191446;10.15605881;10.18028363;10.20454974;10.22883216
6;Austria;9.491243734;9.521050384;9.550750286;9.580171104;9.609140923;9.637529879;9.665260794;9.692232563;9.718364835;9.743657228;9.768083063;9.791714993;9.81467694;9.837096389;9.859092966;9.880786084;9.902250384;9.923536315;9.944653319;9.965552242;9.986157571;10.00640858;10.02630098;10.04589674;10.06530987;10.08464544;10.10398206;10.12335813;10.14276916;10.16216713;10.18149735;10.20072516;10.21987115;10.23898061
7;Bahamas;9.59742606;9.598512411;9.599936403;9.602354733;9.606592072;9.613766364;9.624771583;9.639811558;9.658446861;9.679718899;9.702383778;9.725381754;9.747899565;9.769190074;9.788584013;9.80555421;9.819669664;9.830608946;9.838134303;9.842181177;9.842855384;9.8406787;9.836403387;9.830903066;9.824948379;9.819141842;9.81398219;9.809789028;9.806661122;9.804469279;9.80287644;9.801588037;9.800444357;9.799350002
8;Bahrain;9.456205256;9.4996295;9.542860072;9.585369026;9.626156244;9.663472938;9.695965497;9.722710969;9.743268184;9.757824178;9.766922381;9.771341575;9.772006289;9.769825134;9.765738742;9.76070569;9.755646065;9.751225282;9.747856344;9.745706338;9.744841864;9.745267113;9.747004576;9.749970471;9.754080481;9.75958303;9.766510968;9.774836777;9.784449201;9.795135936;9.806583069;9.818491731;9.830630885;9.842866055
9;Barbados;9.36266889;9.37142788;9.380180594;9.388980472;9.397969829;9.407325208;9.417291368;9.427976385;9.439276222;9.450950103;9.462723796;9.474453457;9.486111638;9.497644688;9.50889875;9.519631272;9.529618347;9.53860326;9.546436077;9.55312964;9.558874946;9.564047925;9.56909517;9.574479268;9.580560229;9.587495592;9.595283761;9.603825088;9.612940807;9.622404159;9.632003943;9.641600414;9.651188076;9.660778559
10;Belgium;9.469780258;9.495836331;9.521795376;9.547479665;9.572684265;9.597260877;9.621154068;9.644295538;9.666678649;9.688316282;9.70925568;9.729581877;9.749468315;9.769106216;9.788668066;9.808261595;9.827946444;9.847722769;9.867526218;9.88723412;9.906734958;9.925962409;9.944921377;9.963673829;9.982321389;10.00092379;10.01952372;10.03815136;10.05679568;10.07543508;10.09403177;10.11255225;10.1310105;10.14943782
11;Belize;8.189369097;8.217814331;8.246144653;8.274190897;8.301732612;8.328508035;8.354215661;8.378486354;8.40075669;8.420294262;8.436596991;8.449475203;8.459353236;8.466938848;8.473306827;8.479733594;8.487431872;8.497104254;8.509083944;8.523401847;8.539820344;8.557962419;8.577477681;8.597928187;8.618925269;8.640187923;8.661605163;8.683229455;8.705180014;8.727569883;8.750468312;8.773853622;8.797582762;8.821444249
12;Benin;7.059757902;7.055617554;7.051340661;7.046677972;7.041560353;7.03608789;7.030587721;7.025436097;7.021121659;7.017894305;7.015690752;7.014342318;7.01370216;7.013572675;7.013881483;7.014482179;7.015289949;7.016392207;7.018015117;7.020406544;7.023827999;7.028445813;7.034341417;7.041562038;7.050133046;7.060042225;7.071213598;7.083495358;7.096715435;7.110693892;7.125252226;7.140205937;7.155387589;7.170653764
13;Bermuda;9.986512254;10.01367999;10.0408346;10.06794827;10.09494447;10.12165325;10.14775775;10.17292242;10.19688009;10.21939149;10.24024039;10.25934524;10.27679339;10.29266975;10.30706954;10.32007285;10.33170031;10.34197723;10.35096647;10.35883969;10.36589167;10.37250622;10.37905633;10.38584743;10.39302371;10.40061635;10.40854977;10.41669273;10.42490398;10.43306133;10.44108016;10.44905498;10.45706523;10.46512345
14;Bhutan;5.376691485;5.426242925;5.475944915;5.526037132;5.57674737;5.628320607;5.680922396;5.734611564;5.789283051;5.844654305;5.900033595;5.954647606;6.007975825;6.059655615;6.10938907;6.156996365;6.202445099;6.245625369;6.286448075;6.325154477;6.362080924;6.397698467;6.432507122;6.466996478;6.50153603;6.53631366;6.571323251;6.606446817;6.641467301;6.676323452;6.711028372;6.745658091;6.780309093;6.815019792
15;Bolivia;7.915642524;7.925975173;7.936117326;7.945702779;7.954234559;7.961180514;7.966008745;7.968260388;7.967665398;7.964205166;7.958064301;7.949645233;7.939535613;7.928506508;7.917424107;7.907067281;7.898113765;7.891095411;7.886303103;7.883863583;7.883772521;7.885932181;7.890176392;7.896299442;7.90403068;7.913065154;7.923103224;7.933873483;7.945138778;7.956711057;7.968452361;7.980277288;7.992135504;8.004004558
16;Botswana;7.192924932;7.27324903;7.353282681;7.432587456;7.510711477;7.587193441;7.66163758;7.733883777;7.803897996;7.871822177;7.937920936;8.002555922;8.066055358;8.128418709;8.189557224;8.249378304;8.307632644;8.364071094;8.418359074;8.470164638;8.519115507;8.565065611;8.608053946;8.648333452;8.686371858;8.722692627;8.757811486;8.792156101;8.826052263;8.859799296;8.893621468;8.927471905;8.961293788;8.995112558
17;Brazil;8.392203214;8.431645667;8.470827533;8.509295845;8.5465072;8.581972131;8.61526262;8.646018737;8.674050474;8.69929146;8.721754928;8.741586828;8.759141941;8.77478918;8.788858505;8.801476877;8.812571032;8.822018668;8.829771171;8.835934653;8.840702974;8.844431739;8.84744897;8.850028712;8.852338112;8.854471268;8.856517224;8.858525259;8.860521032;8.862528737;8.864542651;8.866541202;8.86854383;8.870576134
18;Brunei;10.43504989;10.45520431;10.47512033;10.49429143;10.51199795;10.52738747;10.53952692;10.5472998;10.54974052;10.54620068;10.5364299;10.52100351;10.5010571;10.47765321;10.45177861;10.42437773;10.39635054;10.36850037;10.34145194;10.31568772;10.2915628;10.269266;10.24887204;10.23042285;10.21387825;10.19910351;10.18588622;10.17395434;10.16305758;10.15300687;10.14369085;10.13492933;10.12651062;10.11823385
19;Burkina.Faso;6.513853448;6.523499163;6.533206438;6.54299387;6.552972987;6.563246049;6.573914267;6.585025686;6.596548799;6.608462864;6.620645017;6.632888436;6.644979772;6.656816334;6.668409534;6.679735661;6.690621381;6.700860371;6.710269058;6.718818726;6.726673567;6.734140167;6.741510286;6.749152913;6.757466207;6.766783438;6.777420581;6.789565324;6.803235826;6.818321212;6.834528692;6.85155371;6.869101957;6.886879151
20;Burundi;6.670287914;6.684405393;6.698577154;6.712875792;6.727282866;6.741788353;6.756257637;6.77041551;6.783966462;6.796755333;6.808711775;6.819810926;6.829997424;6.839262928;6.847545502;6.854638455;6.860101569;6.863430267;6.864075565;6.861443561;6.855178114;6.844977403;6.830830087;6.813122419;6.792679858;6.770363217;6.746909471;6.722992863;6.699028985;6.675206487;6.65161508;6.628440584;6.605613351;6.582924247
21;Cambodia;6.913508803;6.834389437;6.755463954;6.677158238;6.600158595;6.525051786;6.452348467;6.382600694;6.316550694;6.254878956;6.198344281;6.147569828;6.103001313;6.065025058;6.033955115;6.010005211;5.993279864;5.983706559;5.980916679;5.984204257;5.992875877;6.006191331;6.023333507;6.043528674;6.066137637;6.090670937;6.116847962;6.144403742;6.173125156;6.202858802;6.233408594;6.264488714;6.295834929;6.32727068
22;Cameroon;7.50124602;7.532967554;7.564873471;7.597182618;7.630071662;7.663653585;7.697980994;7.732935814;7.768168481;7.803068332;7.83669045;7.867841363;7.89516429;7.917294287;7.93321691;7.942358853;7.9445698;7.940270897;7.930427356;7.91625455;7.899136495;7.880421265;7.861457703;7.843491142;7.827564049;7.814446632;7.804524946;7.797806736;7.793971708;7.792536048;7.792939911;7.794595673;7.796965039;7.799599666
23;Canada;9.598038386;9.622197889;9.646259356;9.670068127;9.693438757;9.716225533;9.738306657;9.759556187;9.779884878;9.799254309;9.817686341;9.835277697;9.852170063;9.86854796;9.88448932;9.899983638;9.915010257;9.929585375;9.943758834;9.957655838;9.971515659;9.985690868;10.00057616;10.01647471;10.03355738;10.05186283;10.07136063;10.09195584;10.11345918;10.13563538;10.15822701;10.18102011;10.20389752;10.22679393
24;Cape.Verde;7.580627371;7.582109872;7.583763218;7.585917;7.58913087;7.593998694;7.601241505;7.611401048;7.624875589;7.641907565;7.662549932;7.686653172;7.713824018;7.743522225;7.775056808;7.807806257;7.841264145;7.875175087;7.909492116;7.944279779;7.979788148;8.016394329;8.054423598;8.094128821;8.135614345;8.178906453;8.223798847;8.270031841;8.317203812;8.364903775;8.412770378;8.460552121;8.508250224;8.555910667
25;Central.African.Republic;6.928085453;6.931916555;6.935976138;6.940382688;6.945034473;6.949651867;6.953815965;6.956981598;6.958540426;6.957974759;6.955134101;6.950097792;6.942997416;6.934006759;6.923360998;6.911137589;6.897439343;6.882416161;6.866325653;6.849462941;6.832254662;6.815322199;6.799489667;6.785750648;6.774770027;6.766851197;6.762012652;6.760101583;6.760678478;6.76311468;6.76666279;6.770743394;6.774988658;6.779257493
26;Chad;6.867223273;6.842047608;6.816951151;6.792153306;6.767836951;6.744014972;6.720787634;6.698645191;6.678431108;6.66117624;6.648091718;6.639983616;6.63713125;6.639275497;6.645635933;6.655170814;6.66666696;6.679186569;6.691942579;6.704121058;6.715130458;6.724622604;6.73227573;6.737889191;6.741442867;6.743012122;6.742709647;6.740794251;6.737529027;6.733131911;6.727908725;6.722286087;6.716672915;6.71124142
27;Chile;8.716851592;8.710286685;8.703746237;8.697479077;8.6919336;8.687612272;8.685089553;8.684618057;8.686151172;8.68952864;8.694631035;8.70154217;8.710624566;8.72259818;8.738113541;8.757598323;8.781302123;8.809242599;8.841225196;8.876863439;8.915623203;8.956927101;9.000093477;9.044372266;9.089077347;9.133602525;9.177414473;9.220149238;9.261651222;9.301989671;9.341399388;9.380155367;9.418539138;9.456791845
28;China;6.152645601;6.19876669;6.245042822;6.291832839;6.339594779;6.388885496;6.440239339;6.494164151;6.551024574;6.611007922;6.674183992;6.740555691;6.809994074;6.882238666;6.956977939;7.033821303;7.112403256;7.192359026;7.273454219;7.355608297;7.438820965;7.522981499;7.607945194;7.693495952;7.779378361;7.865264711;7.950891792;8.036087811;8.120755956;8.204909313;8.288642203;8.372070746;8.455325717;8.538512572
29;Colombia;8.190650908;8.216923826;8.243098869;8.269022572;8.294529034;8.3194738;8.343735792;8.367178243;8.389657051;8.41100759;8.43115016;8.450126683;8.468103873;8.485323496;8.502028888;8.518400478;8.534547675;8.550495619;8.566218059;8.581667406;8.596787259;8.611518489;8.625814869;8.639613796;8.652830276;8.665354902;8.677077622;8.687932203;8.697928264;8.707180758;8.715877266;8.72420489;8.732342805;8.740417652
30;Comoros;7.417069606;7.432336697;7.447598293;7.462790711;7.477983661;7.493094409;7.507859665;7.522188769;7.536038127;7.549247676;7.561533717;7.572576162;7.582009722;7.589461979;7.594621801;7.597200616;7.596809891;7.593094428;7.585816296;7.574832016;7.560159887;7.54193841;7.520373997;7.495776954;7.468481059;7.438893193;7.407482154;7.374662488;7.340839543;7.306388656;7.271613641;7.236725744;7.201793035;7.166826791
31;Congo..Dem..Rep.;7.338546917;7.30983035;7.280912004;7.251586968;7.22165114;7.191115988;7.160186875;7.129152344;7.098154218;7.067168401;7.036016723;7.004505463;6.972478364;6.939772239;6.905884427;6.870202497;6.832013887;6.790584393;6.745334317;6.695871822;6.64202349;6.583838096;6.521962192;6.457566521;6.391875225;6.325790029;6.259990529;6.19486882;6.130644355;6.067482711;6.00558451;5.945016995;5.885542779;5.826693116
32;Congo..Republic.of;7.130370733;7.183886308;7.237372577;7.290963145;7.34479585;7.398998877;7.453424731;7.507734061;7.561377705;7.613460475;7.662739541;7.707799001;7.747177431;7.779758599;7.804913217;7.822432277;7.832527873;7.835705875;7.832485333;7.823294721;7.808462792;7.788220582;7.762979979;7.733107151;7.699132865;7.661387591;7.619900152;7.574741657;7.526166311;7.474775096;7.421961498;7.368735432;7.31545051;7.262158241
33;Costa.Rica;8.696520859;8.707329385;8.718000235;8.728263042;8.73779735;8.746274848;8.753398346;8.758899303;8.762548325;8.764295339;8.7643323;8.763114587;8.761311521;8.759685201;8.758855188;8.759278999;8.761348446;8.765359705;8.771521654;8.779953564;8.790689787;8.803697717;8.818859027;8.835912343;8.854534485;8.874411884;8.895265341;8.916857627;8.938940234;8.96125047;8.983559788;9.005803753;9.028031518;9.050278469
34;Cote.d.Ivoire;7.57717327;7.590098059;7.602971076;7.615787241;7.628550279;7.641181222;7.653392692;7.664878308;7.675405995;7.684768045;7.692943097;7.700112204;7.706306437;7.711387812;7.715325195;7.718044237;7.719395517;7.719199723;7.717370444;7.71387695;7.708722572;7.70225912;7.694975252;7.687355738;7.67986896;7.672867146;7.666448223;7.660539178;7.654985227;7.649587298;7.644171497;7.638651839;7.633040027;7.627385533
35;Cuba;7.841748226;7.895463422;7.949303194;8.003507196;8.058345277;8.114006224;8.170435556;8.227417269;8.284545856;8.341358612;8.397353313;8.45188898;8.503904403;8.552222096;8.59570642;8.633248483;8.663709882;8.686482202;8.701462499;8.709013184;8.709961575;8.705576434;8.697385826;8.687136824;8.676474459;8.666592858;8.658291931;8.651987634;8.647824373;8.645655434;8.645088388;8.645636439;8.646820016;8.648249036
36;Cyprus;8.529715652;8.568740522;8.60788807;8.647560112;8.688463938;8.731544149;8.777437049;8.826048471;8.876930308;8.929556125;8.983421776;9.038091639;9.093228299;9.148539306;9.203753621;9.25861596;9.312871415;9.366236236;9.418365408;9.468925472;9.517706108;9.564619672;9.609761;9.653290755;9.695453084;9.736423904;9.776310313;9.815274202;9.85348053;9.891069497;9.928161414;9.964888108;10.00137618;10.03776795
37;Denmark;9.720903283;9.734323634;9.747714683;9.761030416;9.774272526;9.7875313;9.800900844;9.814388274;9.82803041;9.841877914;9.85599666;9.870503591;9.885508641;9.901019623;9.916973933;9.933246216;9.949701163;9.966243028;9.982876648;9.999662724;10.01670462;10.03410711;10.05195296;10.070284;10.08909775;10.10828383;10.12770854;10.14723787;10.1667475;10.18614909;10.20538695;10.22443972;10.24335699;10.26221598
38;Dominica;8.313240898;8.310405452;8.30775188;8.305756358;8.305201394;8.307032541;8.312057331;8.320766593;8.333511263;8.350555528;8.372143063;8.398140863;8.427842052;8.460456545;8.495232569;8.53150773;8.568614803;8.605861949;8.642698202;8.678763323;8.713867148;8.74776604;8.780255738;8.811054958;8.840050797;8.867258275;8.892723789;8.91645877;8.938494598;8.958893382;8.977867037;8.995792068;9.013129076;9.030219053
39;Dominican.Republic;7.968707728;7.999065608;8.029310265;8.059240459;8.088611401;8.117232251;8.145021372;8.171899258;8.197771857;8.222524844;8.245988649;8.267918136;8.288139246;8.306671089;8.323746278;8.339806531;8.355421705;8.371167576;8.387629367;8.405395918;8.425019399;8.446997074;8.471581659;8.49875803;8.528408146;8.560348103;8.594326299;8.629980338;8.666912252;8.704720335;8.743057548;8.781634684;8.820252772;8.858821707
40;Ecuador;8.008557402;8.060697898;8.112533394;8.163347139;8.212133924;8.257959289;8.300013961;8.337600482;8.370199393;8.397515028;8.419466649;8.436182393;8.448004136;8.455483336;8.459306245;8.460147541;8.458666754;8.455500746;8.45126964;8.446344241;8.441049005;8.43559172;8.430080895;8.42456603;8.419054324;8.413499772;8.407844258;8.402039074;8.396063292;8.389966068;8.383831546;8.377707944;8.371608207;8.365527788
41;Egypt;7.487971132;7.515706651;7.543585854;7.571847235;7.60084551;7.630844233;7.661978833;7.694085895;7.726901157;7.760197021;7.793713476;7.827179447;7.860471001;7.893505698;7.9262158;7.958565708;7.990537841;8.022116451;8.053289298;8.084071361;8.114461283;8.144475616;8.17416214;8.2036081;8.232913105;8.262130321;8.29124873;8.320180242;8.348907459;8.377406206;8.405668054;8.43372863;8.461658795;8.489534769
42;El.Salvador;8.270513188;8.274878842;8.279108931;8.282916376;8.285942669;8.287814072;8.288169642;8.286752662;8.283491138;8.278552336;8.272429066;8.265827515;8.25950392;8.254139597;8.25027558;8.248296356;8.248481309;8.251054735;8.256164603;8.263885883;8.274199238;8.286938728;8.301805158;8.318363831;8.336110941;8.354550568;8.373244165;8.391880741;8.410263562;8.428306695;8.446000129;8.463406185;8.480627514;8.497769986
43;Equatorial.Guinea;7.27292335;7.313845524;7.354336518;7.39345873;7.429703983;7.461252672;7.486079475;7.502571547;7.509959462;7.508501869;7.499280218;7.483811461;7.463827728;7.441207664;7.418027666;7.396492597;7.378919173;7.367762605;7.365445051;7.374161762;7.396090571;7.433239497;7.487575013;7.560873229;7.654965645;7.771159519;7.90873032;8.064873685;8.235498368;8.416876747;8.60570682;8.799093618;8.994574697;9.19047656
44;Ethiopia;6.205793762;6.203325218;6.200769964;6.198015514;6.19497118;6.191598651;6.187908554;6.183915087;6.17967979;6.175291202;6.170823904;6.166417147;6.162346189;6.159081662;6.157246945;6.157705348;6.161287244;6.168763448;6.180849409;6.197581195;6.218886749;6.244353701;6.273370945;6.304917712;6.338075103;6.372125843;6.406481205;6.440645691;6.474283029;6.507218622;6.539355635;6.570787406;6.601725571;6.632414658
45;Fiji;8.137252343;8.162108415;8.186749783;8.210804152;8.233804609;8.255458154;8.275570233;8.293989759;8.310603951;8.325316867;8.338058032;8.349042043;8.358647958;8.367311919;8.375496167;8.383479426;8.391530841;8.399980176;8.408950165;8.418375206;8.427859067;8.436738794;8.444657719;8.451555468;8.457493925;8.462529551;8.466739754;8.470212132;8.473168718;8.475834994;8.478425233;8.481090623;8.483855528;8.486656174
46;Finland;9.399265338;9.425599589;9.451876166;9.477948884;9.503659467;9.528909063;9.553722517;9.578171345;9.602262235;9.625926109;9.648972325;9.67117741;9.692358674;9.71236374;9.731084137;9.748447633;9.764429522;9.779041191;9.792328215;9.804412549;9.815586717;9.826427256;9.837715826;9.850193436;9.8644051;9.880592461;9.898754569;9.918714889;9.940125656;9.962588466;9.985744053;10.00927613;10.03298384;10.05674182
47;France;9.529290071;9.552873888;9.576385016;9.599714285;9.622748207;9.645427459;9.667737802;9.689623212;9.711031651;9.731919057;9.752265712;9.772096206;9.791465083;9.810426805;9.829052997;9.847407717;9.865522201;9.883388683;9.900972923;9.918214933;9.935081683;9.951605413;9.967896322;9.984112915;10.00045052;10.01705045;10.03400237;10.05135215;10.06907155;10.0870646;10.10521082;10.1233975;10.14156997;10.15972518
48;Gabon;9.80488591;9.805066814;9.804678477;9.802660585;9.797859971;9.789208445;9.776038183;9.758033459;9.73610586;9.711739524;9.686117919;9.660116792;9.634557338;9.60999628;9.586818602;9.565255964;9.545465704;9.527561136;9.511508193;9.497071095;9.483795615;9.471030224;9.45810455;9.444390934;9.429273323;9.412198879;9.392843569;9.371123436;9.347209661;9.321453604;9.294385365;9.266521931;9.238277543;9.209922124
49;Gambia..The;6.832540331;6.835323533;6.838094936;6.840757736;6.843052968;6.844688111;6.845387117;6.845067457;6.843790779;6.841804794;6.839349331;6.836488849;6.83316142;6.829203597;6.824572952;6.819332384;6.813566178;6.807327586;6.800736394;6.793938613;6.78713544;6.780602425;6.774687773;6.76976714;6.766257261;6.764576525;6.765029792;6.76763535;6.772170615;6.778166403;6.785039087;6.792335378;6.799790678;6.807335296
50;Germany;9.531239351;9.553044577;9.574806282;9.596459533;9.617958671;9.639321404;9.660559549;9.681607345;9.702389507;9.722845404;9.7429551;9.762797267;9.782525695;9.802307255;9.822248441;9.842397342;9.862754843;9.883266228;9.903835006;9.924303808;9.944481246;9.964166309;9.983210425;10.00156623;10.01927953;10.03640783;10.05302754;10.06922631;10.08507511;10.1006256;10.11591722;10.13098521;10.1458977;10.1607437
51;Ghana;7.075262637;7.070010743;7.064441578;7.058136587;7.051183075;7.043940981;7.036948261;7.030590471;7.025087262;7.020242766;7.015984171;7.012393081;7.009607276;7.007808388;7.007339648;7.008397009;7.011117949;7.015423638;7.021200872;7.028285983;7.036550611;7.045917931;7.056345414;7.0678066;7.080349742;7.094066923;7.109004589;7.125249037;7.142890113;7.16177356;7.181623983;7.202029624;7.222721266;7.243485784
52;Greece;9.117690397;9.142380224;9.166817652;9.190612772;9.213407678;9.23500019;9.25510246;9.273418503;9.289731066;9.303896426;9.315943544;9.326086283;9.334682203;9.342144425;9.348877469;9.355218928;9.361459493;9.367877352;9.374725566;9.382151735;9.390280351;9.399276819;9.40931326;9.420603009;9.433369846;9.447752949;9.463799449;9.481457858;9.500577589;9.520937418;9.542266332;9.564263959;9.586638145;9.60915674
53;Grenada;8.001853498;8.018096612;8.034363875;8.050690998;8.067110979;8.083645374;8.100310989;8.117121888;8.134079069;8.151180261;8.168536846;8.186213207;8.204281754;8.222623233;8.241042749;8.259333593;8.277453863;8.295663987;8.314541557;8.33443818;8.355540924;8.377921212;8.401620315;8.426661331;8.453108776;8.480965624;8.510122322;8.540401016;8.57153758;8.60321545;8.635179305;8.667226937;8.699273364;8.731298284
54;Guatemala;8.110374017;8.124366518;8.138222511;8.151659499;8.164382838;8.176109232;8.186555111;8.19543473;8.202443761;8.207334258;8.209935321;8.210249054;8.208529507;8.205214317;8.200833383;8.195946335;8.191085283;8.186716254;8.183213374;8.180816148;8.179667776;8.179844937;8.181376578;8.184237562;8.188312568;8.19343311;8.199394087;8.205984;8.213008362;8.220266771;8.227595473;8.234902539;8.242172766;8.249429473
55;Guinea;7.781135164;7.78205791;7.78290016;7.783556799;7.783855115;7.783526547;7.782279557;7.779820141;7.776018131;7.770787269;7.76417772;7.75633577;7.747602509;7.738452143;7.729524027;7.721460275;7.714777533;7.709821666;7.706830473;7.705945895;7.70734266;7.711208642;7.717699889;7.726886437;7.738771207;7.753288296;7.770184198;7.789131283;7.809752971;7.831649662;7.854499877;7.878015904;7.901879596;7.925849302
56;Guinea.Bissau;6.525407409;6.520273732;6.515168466;6.510118663;6.504959789;6.49937592;6.493033766;6.485939704;6.478312646;6.470555446;6.463072213;6.456304533;6.450099551;6.444300456;6.438744844;6.433282847;6.427878625;6.422523212;6.417270293;6.412190643;6.407319091;6.4028099;6.398959885;6.396227546;6.394370616;6.392889937;6.39138773;6.389604357;6.387558589;6.38556829;6.383478793;6.380914905;6.378133922;6.375334017
57;Honduras;7.562480635;7.579636167;7.596689831;7.613592102;7.630395625;7.647215969;7.663914935;7.680187706;7.695691336;7.710048937;7.722941269;7.734164948;7.743564496;7.751111928;7.756925403;7.761145099;7.763868634;7.765196175;7.765214542;7.764038769;7.761808907;7.758759469;7.755142569;7.751170689;7.747086647;7.743139689;7.73941604;7.735900335;7.732562734;7.729420102;7.726545036;7.723885621;7.721358771;7.718877322
58;Hong.Kong;8.854593787;8.915734826;8.976869377;9.038000021;9.0991686;9.16052757;9.22214158;9.283838968;9.345305005;9.406214038;9.466304394;9.525350245;9.58320376;9.639805512;9.695086046;9.748910984;9.801104198;9.851330741;9.89916523;9.944230618;9.986253467;10.02500138;10.06027371;10.09193623;10.11996969;10.14450255;10.1658372;10.1844131;10.20077861;10.21561359;10.22946082;10.24267607;10.25557225;10.26836649
59;Hungary;8.704334608;8.742000111;8.779536381;8.816654026;8.853032506;8.888400588;8.922507964;8.955100181;8.985923579;9.014800797;9.041521666;9.065965354;9.088027547;9.107639418;9.124796845;9.139543344;9.152001596;9.162357325;9.170883672;9.178012362;9.184355064;9.190684359;9.197859422;9.206530151;9.217123962;9.229960416;9.245189524;9.262792851;9.282561536;9.304155535;9.327153133;9.351095674;9.375556298;9.400201296
60;Iceland;9.409348113;9.450394635;9.491210075;9.531583053;9.571239379;9.609915114;9.647443081;9.683616138;9.718106647;9.750618825;9.780923658;9.808871949;9.834433829;9.857707455;9.878880643;9.898084879;9.915415299;9.930935656;9.94475696;9.957182138;9.96864005;9.979629729;9.990695343;10.00237252;10.01505494;10.02896171;10.04417649;10.06058845;10.0779606;10.09599489;10.11441284;10.13298437;10.15158815;10.1702146
61;India;7.00691576;7.024812274;7.042819909;7.061185654;7.080187417;7.100097179;7.121052992;7.143122721;7.16630559;7.190574491;7.215942608;7.242342491;7.269686175;7.297875934;7.326798603;7.356305005;7.386243167;7.416484633;7.446930362;7.477539027;7.508369231;7.539581319;7.571435064;7.604170985;7.637970837;7.672922847;7.708992438;7.746091547;7.78407833;7.822735862;7.861811358;7.901146831;7.940629749;7.980169619
62;Indonesia;7.243437067;7.285024349;7.326387989;7.367138021;7.406875239;7.44536923;7.482491386;7.518144832;7.552351929;7.58531452;7.61743827;7.649249675;7.681335295;7.71425303;7.74830969;7.783645824;7.82032307;7.858200333;7.896955978;7.936098044;7.975060774;8.01327521;8.050180877;8.085300763;8.118296566;8.148994328;8.177379034;8.203600092;8.228039788;8.251280189;8.273807782;8.295949497;8.317936052;8.339882543
63;Iran;8.895040439;8.877622459;8.859629553;8.840259622;8.818748477;8.79463492;8.767682207;8.737824951;8.705629898;8.671955318;8.637885853;8.604705905;8.573605726;8.545323317;8.520342964;8.499070902;8.482012497;8.469819351;8.463013419;8.461846961;8.466195642;8.475506614;8.489046122;8.505987232;8.525602736;8.547263308;8.570559204;8.595131293;8.620666965;8.646858575;8.673464665;8.700297591;8.72725373;8.754233689
64;Iraq;7.657556243;7.688412732;7.719131926;7.749477954;7.778787993;7.806194059;7.830554552;7.850478703;7.864866997;7.872797553;7.873928752;7.86874728;7.858373611;7.843299434;7.823513563;7.79925028;7.770864534;7.738650797;7.703161668;7.665640678;7.62809164;7.593118731;7.563853966;7.541534054;7.526100384;7.517164584;7.514052868;7.515305911;7.519650568;7.52502647;7.529733494;7.532958046;7.534567056;7.535124402
65;Ireland;8.987121508;9.012047164;9.036894417;9.061507838;9.08573915;9.10949932;9.132740152;9.155397205;9.177376436;9.198645332;9.219329885;9.239739361;9.260309786;9.28160368;9.304233873;9.328766045;9.35571615;9.385538764;9.418559015;9.45496334;9.494818521;9.538127023;9.584923425;9.635203226;9.688864666;9.745635062;9.805069004;9.866632575;9.929742869;9.993864713;10.05852202;10.12338272;10.18827979;10.25316579
66;Israel;9.432498142;9.44902546;9.465337044;9.481127266;9.496125565;9.510221292;9.523472439;9.536115045;9.548432321;9.560642215;9.572961302;9.585632762;9.598837059;9.612759095;9.62757668;9.643476878;9.660565569;9.678830725;9.698173674;9.718529691;9.739832102;9.761904844;9.784505756;9.807364208;9.830198432;9.852703075;9.874604543;9.895713281;9.915952671;9.93532832;9.953910329;9.97180675;9.989264628;10.0065527
67;Italy;9.358888047;9.386900876;9.414911769;9.442873877;9.470685597;9.498268064;9.525611308;9.552630533;9.579246458;9.605360519;9.630866794;9.655717138;9.679943821;9.703607744;9.726749913;9.74935798;9.771377691;9.792729722;9.813317603;9.833048052;9.851875702;9.869825266;9.886991261;9.903524918;9.919604576;9.935356082;9.95086258;9.966193928;9.981390413;9.996472871;10.01144925;10.02631823;10.04110162;10.05584522
68;Jamaica;8.450936102;8.435799282;8.420514129;8.404871212;8.388842555;8.372606996;8.356497039;8.340916477;8.326324375;8.313228305;8.30219629;8.293764699;8.288273917;8.285911293;8.286712773;8.290679431;8.297701291;8.307426823;8.319245857;8.332493447;8.346451028;8.360451972;8.373962678;8.386532415;8.397851978;8.407806815;8.416433515;8.423877833;8.430335348;8.436005063;8.441137854;8.445947039;8.450584221;8.455159535
69;Japan;9.355108671;9.384409848;9.413660302;9.442763763;9.47167283;9.500483205;9.529288104;9.558143165;9.587062627;9.6160264;9.645018334;9.674069641;9.703223548;9.732514634;9.761943371;9.791421944;9.82076028;9.849705233;9.877928955;9.905038793;9.930664314;9.954509398;9.976407035;9.996333421;10.01436528;10.03062567;10.04525496;10.05841163;10.07031443;10.08124457;10.09147812;10.10124607;10.11076216;10.12019607
70;Jordan;8.246724414;8.25200585;8.257556706;8.263765522;8.271155374;8.280198378;8.291192063;8.303967097;8.318084043;8.332659791;8.346752347;8.35946138;8.370009467;8.377604215;8.38153642;8.381222341;8.37640163;8.367182724;8.3542015;8.33860144;8.321912495;8.305592243;8.290721934;8.277953469;8.267528718;8.259331967;8.253051714;8.248323866;8.244735008;8.241917006;8.239569555;8.237454266;8.235406835;8.233344492
71;Kenya;7.053231727;7.058956465;7.06463263;7.070197846;7.075664962;7.081013241;7.086317915;7.091636965;7.096917165;7.102048117;7.106979015;7.111733226;7.116415009;7.121150367;7.126074956;7.131235581;7.136578505;7.141838833;7.146710537;7.150892691;7.154156146;7.156382292;7.157588184;7.157893145;7.157408205;7.156192153;7.154258899;7.151620244;7.148330414;7.144498997;7.140261991;7.135728002;7.131017414;7.126253076
72;Kiribati;7.966419572;7.937603448;7.908067736;7.876346714;7.840538704;7.798822185;7.750434255;7.695868279;7.636175854;7.57294501;7.508439868;7.445472245;7.385991325;7.331278688;7.282300072;7.239546561;7.203306115;7.173616388;7.150324983;7.133015938;7.121416231;7.115144917;7.113725471;7.116700286;7.123526401;7.133543287;7.146091297;7.160554654;7.176340366;7.19291882;7.209845056;7.226879138;7.243923868;7.260968988
73;Korea..Dem..Rep.;6.042175286;6.133698218;6.225160938;6.316420047;6.407265546;6.497410383;6.586460868;6.673916284;6.75918893;6.841636361;6.920600037;6.995420734;7.065436548;7.129957852;7.188208627;7.239442956;7.283082762;7.318740017;7.346204732;7.365550179;7.377135244;7.38159976;7.379863522;7.372941839;7.362027997;7.348305846;7.332894055;7.316747285;7.300593001;7.284816521;7.269488876;7.254557786;7.239869952;7.225280199
74;Korea..Republic.of;7.864034323;7.923970235;7.983924635;8.043938658;8.10399889;8.164105329;8.224296595;8.284572337;8.344950371;8.405523403;8.466536622;8.528405682;8.591440718;8.655782514;8.72138988;8.788093792;8.855623031;8.923564288;8.991405435;9.058605201;9.124655823;9.189077563;9.251500566;9.311705161;9.369563322;9.425020226;9.478144858;9.529176748;9.578547605;9.626829702;9.674381128;9.721459729;9.768291299;9.815023754
75;Kuwait;11.08752608;11.00196614;10.91637885;10.83091165;10.74606615;10.66255274;10.5810569;10.50201334;10.42587186;10.35315468;10.28458849;10.22149639;10.16522745;10.11690607;10.07738381;10.04713466;10.02628493;10.01459513;10.01148166;10.01606851;10.02715757;10.04355802;10.06327704;10.08419421;10.10437747;10.12253834;10.13791109;10.15024282;10.15975002;10.16694243;10.17253258;10.17716712;10.18139142;10.18557584
76;Laos;6.87900361;6.874453417;6.869973241;6.865759258;6.862188333;6.859746901;6.859033238;6.860712759;6.865363674;6.873422929;6.884965391;6.899825776;6.91761035;6.937866522;6.960130209;6.983838842;7.008331696;7.033054617;7.057539072;7.081205734;7.103388859;7.1236252;7.141636375;7.157289454;7.17061322;7.181716089;7.190818766;7.198247306;7.204478849;7.210162933;7.215705764;7.221368829;7.227216252;7.233113434
77;Lesotho;6.582428857;6.625545083;6.668625801;6.711515393;6.753854758;6.795451495;6.836289927;6.876072206;6.914232256;6.950131098;6.983576517;7.014285145;7.042300508;7.067877912;7.0913888;7.113272796;7.133903269;7.153615207;7.172843886;7.192103568;7.211998321;7.233102593;7.255920251;7.280702308;7.307330319;7.33552023;7.36488771;7.394988141;7.42538188;7.455731661;7.485931881;7.516007377;7.546053656;7.57616749
78;Liberia;7.685205997;7.665807056;7.646174499;7.62596227;7.604730323;7.582125965;7.55779857;7.530895245;7.500248662;7.464390316;7.421775157;7.370905544;7.310315076;7.238763374;7.155506431;7.060158122;6.953001074;6.835159626;6.708684313;6.576694963;6.443539845;6.314290329;6.193690962;6.086464296;5.996412107;5.925586874;5.873910371;5.839338051;5.818218099;5.806814431;5.80164643;5.799749761;5.799050736;5.79844603
79;Luxembourg;9.738286338;9.756942543;9.775578786;9.79414957;9.812667821;9.831329976;9.850552604;9.870730428;9.892235128;9.915401263;9.940561831;9.968054881;9.998173089;10.03107692;10.0667427;10.10495298;10.14535786;10.18744851;10.23068524;10.27447792;10.31827659;10.36167734;10.40441684;10.44645005;10.48784897;10.52876227;10.56937614;10.60980593;10.65003781;10.69000577;10.72963706;10.76890697;10.80792538;10.84683894
80;Macao;8.890739626;8.958668128;9.026505639;9.094050248;9.161013259;9.227043632;9.29175624;9.354761155;9.415697279;9.474275301;9.530304494;9.583705396;9.634491267;9.682748741;9.728613734;9.772220661;9.813705158;9.853075036;9.890192147;9.924936113;9.957233521;9.987047006;10.01442797;10.03941311;10.06212894;10.08280475;10.10177653;10.11951579;10.13658763;10.15356938;10.17089432;10.18871773;10.20700548;10.22553649
81;Madagascar;7.250767744;7.226604654;7.202392188;7.178115239;7.153834077;7.129618282;7.105566288;7.0818147;7.058393725;7.03529674;7.012481388;6.990057188;6.968275419;6.947319096;6.927264983;6.908122967;6.889859201;6.87242981;6.855776809;6.839793139;6.824357483;6.809398173;6.794833825;6.780666446;6.766859325;6.753353122;6.740024131;6.726705729;6.713230515;6.699488465;6.685473563;6.67117664;6.656656873;6.642110277
82;Malawi;6.263619754;6.293914947;6.323937857;6.353292179;6.38160159;6.408511479;6.433741438;6.45703278;6.478165514;6.496960537;6.513289304;6.527193768;6.538836054;6.548441636;6.556262855;6.56260534;6.567815421;6.572356133;6.576791198;6.581692399;6.587496965;6.594509884;6.602880989;6.612601126;6.623156563;6.633765986;6.64386057;6.653084905;6.661219411;6.668231329;6.674229835;6.6794634;6.684325413;6.689082176
83;Malaysia;7.983946721;8.037493056;8.090710387;8.143260644;8.194833104;8.245212237;8.294272952;8.341859455;8.387886571;8.432327742;8.47519896;8.516601062;8.556744678;8.595943082;8.634585856;8.673126437;8.712094032;8.751950372;8.79297939;8.835266485;8.878729821;8.9231695;8.968295732;9.013746471;9.059149502;9.104149656;9.14844689;9.191834654;9.234279011;9.275913414;9.316871001;9.357325376;9.397512593;9.437614521
84;Maldives;6.424335041;6.507489198;6.590683483;6.67396139;6.757340259;6.840810151;6.924337152;7.007839191;7.0911623;7.174064204;7.256275825;7.337472473;7.417417082;7.495955876;7.57266027;7.646922963;7.718276473;7.786429505;7.851226498;7.91260267;7.970543587;8.025065177;8.076357521;8.12474543;8.170625102;8.214406474;8.256474154;8.297160412;8.336806896;8.375728803;8.414257507;8.452572952;8.490865711;8.529204232
85;Mali;6.499594788;6.5112305;6.522884786;6.534664987;6.5467801;6.559236481;6.571897975;6.584554369;6.597018177;6.609178447;6.621035905;6.632768012;6.644768653;6.657444887;6.671018552;6.685603342;6.70120936;6.717613386;6.734736747;6.752594838;6.771169373;6.790494538;6.810580227;6.831394686;6.852931433;6.875242945;6.898314405;6.921984705;6.946096173;6.97038778;6.994753008;7.019210499;7.043675554;7.068161295
86;Malta;8.055091526;8.151093879;8.246987504;8.342434343;8.436860818;8.529437887;8.619049322;8.704608184;8.785237689;8.860333775;8.929686147;8.993538287;9.052449388;9.107181778;9.158500024;9.207136538;9.253721256;9.298741865;9.342597197;9.385553545;9.427753123;9.469283936;9.510137641;9.550262792;9.589653065;9.628305338;9.666217284;9.703368718;9.739745997;9.775365937;9.810286508;9.844627345;9.878594736;9.912383432
87;Mauritania;7.178579725;7.179769798;7.180893431;7.181785105;7.182139537;7.181481791;7.179349481;7.175394602;7.169594278;7.16228734;7.153967416;7.145318672;7.137010963;7.129815506;7.124299038;7.120848544;7.119681243;7.120849494;7.12435635;7.130136938;7.138061332;7.147995789;7.159762079;7.173130862;7.18768122;7.20302767;7.218807958;7.234736161;7.250586049;7.266207209;7.281476258;7.296364654;7.310958763;7.325401604
88;Mauritius;8.392965267;8.43587862;8.478679726;8.521178709;8.563030241;8.603888177;8.643395095;8.681356635;8.717825234;8.753124882;8.787793323;8.822514201;8.857862933;8.894251215;8.932005294;8.97127142;9.011986209;9.053924465;9.096772095;9.140247146;9.184091555;9.228098238;9.272093265;9.315944055;9.359562443;9.402891843;9.445869695;9.488493684;9.530813;9.572865779;9.614702703;9.656320778;9.697739849;9.73908351
89;Mexico;8.573692189;8.600000441;8.626221125;8.652147215;8.677509101;8.702026569;8.72541146;8.747381682;8.767635578;8.785799625;8.801506178;8.814496395;8.824712554;8.832408153;8.838049791;8.842134517;8.84520835;8.847875375;8.850645421;8.85390325;8.857867192;8.862636881;8.86825717;8.87476277;8.882204069;8.890632411;8.900142023;8.910650652;8.921944732;8.933769364;8.945880709;8.95807335;8.97027068;8.982460689
90;Micronesia..Fed..Sts.;7.803625639;7.832796261;7.861806517;7.890242735;7.917315064;7.942423198;7.965385745;7.986303379;8.005434445;8.023126665;8.039830553;8.056031713;8.071946433;8.087633343;8.102996495;8.11797489;8.132474416;8.146450794;8.159940948;8.172961707;8.18553211;8.197569198;8.208873111;8.219177558;8.228144404;8.235439373;8.241030674;8.24519924;8.248382349;8.250994464;8.253392852;8.255683892;8.257935296;8.260178282
91;Mongolia;6.95923448;6.99158184;7.023961993;7.056403437;7.088866799;7.121303166;7.153599337;7.185578954;7.216946657;7.247327821;7.276300893;7.303354489;7.327902177;7.349346273;7.367148717;7.380848591;7.390094382;7.394679678;7.394675414;7.390434988;7.382650706;7.372362217;7.36084691;7.349345111;7.338790834;7.329725348;7.322344507;7.316653435;7.312486196;7.309581452;7.307644147;7.30639746;7.305579815;7.304938934
92;Morocco;7.741832016;7.77021745;7.798585028;7.826905586;7.855132191;7.88317066;7.910839784;7.937874326;7.964039059;7.989102429;8.012915088;8.035431881;8.056666602;8.076598377;8.095278425;8.112724362;8.128907391;8.143754966;8.157295377;8.169498331;8.180417357;8.190157958;8.19887116;8.206856563;8.214379061;8.221590159;8.228728792;8.235870272;8.243145474;8.250597062;8.258283167;8.266208399;8.274285387;8.282428561
93;Mozambique;6.993606789;6.994761794;6.995706411;6.996135128;6.995694173;6.994023214;6.990839241;6.985977306;6.979455636;6.971401484;6.962019197;6.951608448;6.940644768;6.92983137;6.920001831;6.911958237;6.906345675;6.903345962;6.902721208;6.904033784;6.90689912;6.911175744;6.916996946;6.924705604;6.934593524;6.94700619;6.962411995;6.980898504;7.002239321;7.026075629;7.052041792;7.079593752;7.10804946;7.13686299
94;Namibia;8.51927193;8.521337482;8.52351552;8.525925271;8.528625163;8.531540708;8.534486148;8.537256732;8.539573629;8.541258111;8.542206425;8.542356187;8.541568712;8.539818831;8.537236809;8.534011428;8.530341843;8.526315436;8.522003663;8.517722619;8.513885165;8.510882202;8.508831345;8.507831292;8.507992851;8.509387234;8.512055286;8.516006387;8.521196509;8.527505002;8.534702004;8.542489901;8.550658101;8.558985955
95;Nepal;6.748499916;6.756432564;6.764450405;6.772643826;6.781135797;6.789991345;6.799261154;6.80902821;6.819367485;6.830365896;6.842201877;6.855126724;6.869213434;6.884481792;6.900957586;6.918547374;6.937137228;6.95663368;6.976957909;6.997969269;7.019532263;7.04155512;7.06392788;7.086574455;7.109381521;7.132202457;7.15491354;7.177426272;7.199691595;7.221702508;7.243444181;7.264924518;7.286190618;7.307370917
96;Netherlands;9.639875215;9.654673636;9.669417852;9.684027527;9.698382944;9.712380571;9.725970306;9.739097269;9.751755856;9.764015535;9.776040944;9.788080911;9.800457195;9.813470971;9.827324709;9.842123412;9.85789655;9.874615435;9.892222047;9.910615814;9.929662776;9.949249404;9.969315518;9.989846551;10.0108412;10.03225579;10.05400582;10.07597205;10.09800916;10.11997047;10.14174577;10.16329189;10.18465397;10.20593058
97;Netherlands.Antilles;9.405320015;9.418970565;9.432593698;9.446125167;9.459455482;9.47255171;9.485362477;9.497662545;9.509076595;9.519153285;9.527523007;9.53392605;9.538376125;9.541144161;9.542681416;9.543569608;9.544445532;9.545902045;9.548262076;9.551621629;9.555830369;9.560624813;9.565665831;9.570540757;9.574821427;9.578154553;9.580367419;9.581438845;9.58145775;9.580610152;9.57914472;9.577323474;9.575330176;9.573284363
98;New.Zealand;9.611126259;9.62009551;9.628966638;9.637568848;9.645708857;9.653286641;9.660383629;9.667165674;9.673875394;9.680715942;9.687821481;9.695242037;9.70294175;9.710849782;9.718840458;9.726811692;9.734762351;9.742754029;9.750933557;9.75951616;9.768787461;9.77904113;9.790526334;9.803376245;9.817559334;9.83296029;9.84943473;9.866831767;9.885004762;9.903817431;9.923102927;9.942715551;9.962512877;9.982373597
99;Nicaragua;8.812241564;8.802477294;8.792462025;8.781770863;8.769871101;8.756135778;8.739928017;8.720804896;8.698606802;8.673462766;8.645821685;8.616003729;8.584151607;8.550320431;8.514497314;8.476847698;8.4377936;8.397912867;8.35802197;8.318994183;8.281711978;8.246907563;8.215276391;8.187253009;8.163053476;8.142649125;8.125780737;8.112063676;8.101046325;8.092173113;8.084841406;8.078436355;8.072487513;8.066708383
100;Niger;6.929034357;6.937443827;6.946051925;6.955156146;6.965047365;6.975608369;6.986133932;6.995843816;7.004064141;7.010066398;7.013155092;7.012777583;7.008623945;7.000759157;6.989535106;6.975592689;6.959441249;6.941506642;6.922330913;6.902372975;6.882025034;6.861646713;6.841655615;6.8224522;6.804369427;6.787608515;6.772247789;6.758234448;6.745314538;6.733153453;6.721513768;6.710288474;6.699301495;6.688411536
101;Nigeria;7.049948433;7.047565836;7.04490445;7.041543695;7.036994446;7.030742148;7.022527672;7.012217077;6.999900741;6.986099718;6.971691272;6.957522633;6.944249035;6.932498836;6.922840191;6.915666485;6.911060465;6.908965287;6.909182955;6.911291111;6.914809616;6.919281094;6.924376708;6.929931268;6.935934633;6.942513992;6.949874555;6.957996388;6.966868231;6.97646369;6.986707302;6.997487692;7.008674421;7.02008433
102;Norway;9.513341146;9.548622627;9.583844803;9.618919398;9.653716072;9.688075989;9.721822634;9.75479085;9.786876419;9.818046119;9.848292366;9.877652063;9.906239523;9.934186815;9.961583187;9.98845885;10.01484937;10.04084672;10.06663469;10.09245063;10.11851019;10.14496779;10.17189521;10.19928843;10.22706703;10.25506279;10.2830737;10.31089046;10.3383501;10.36539143;10.39203706;10.41835768;10.44446151;10.47047538
103;Oman;9.025572255;9.048316836;9.071470376;9.095455708;9.120676543;9.147047702;9.174096622;9.201312775;9.228558737;9.255973038;9.283748318;9.31202917;9.340644051;9.369291997;9.397592796;9.425156917;9.451705052;9.477183422;9.5016672;9.525181541;9.547755837;9.56932847;9.589807248;9.609096417;9.627140867;9.643956114;9.659582601;9.67410522;9.687662584;9.700465935;9.71273895;9.724633268;9.736249545;9.74773958
104;Pakistan;7.079731091;7.107097501;7.134560754;7.162262244;7.190417975;7.219249181;7.24890331;7.279474824;7.310954476;7.34327607;7.376236863;7.409566283;7.442982878;7.476178348;7.508837506;7.540635109;7.571266189;7.600436116;7.62788954;7.653462974;7.677104234;7.698825509;7.718683513;7.736790231;7.753289013;7.768328274;7.782091485;7.794825678;7.806762976;7.818111862;7.829058494;7.839789751;7.850457006;7.861121883
105;Panama;8.223744013;8.258920045;8.294165918;8.32961319;8.365331601;8.401395127;8.437722485;8.474109587;8.510185106;8.545492151;8.57949346;8.611520764;8.641105012;8.668036353;8.692344409;8.714185389;8.733801478;8.751582248;8.768045761;8.783792769;8.799235326;8.814606851;8.829951528;8.845344172;8.860898123;8.876754484;8.893021072;8.90972235;8.926757329;8.943972572;8.961262777;8.978575088;8.995901023;9.013236667
106;Papua.New.Guinea;7.771554023;7.81681362;7.861763119;7.905845357;7.948500892;7.989141462;8.026954421;8.060774541;8.090094684;8.11478224;8.135110585;8.151675991;8.165219717;8.176538893;8.186332527;8.195233418;8.20373329;8.212325078;8.2215285;8.231857143;8.243681439;8.25720257;8.272227362;8.288261005;8.304559756;8.320671577;8.33643667;8.351781028;8.366701073;8.381139491;8.395056086;8.408640421;8.422041874;8.435380132
107;Paraguay;7.992959882;8.034968289;8.076998558;8.119041698;8.161024452;8.202731646;8.243800458;8.28375597;8.321982548;8.357824144;8.390670479;8.420058751;8.445768136;8.467868522;8.486631184;8.502390545;8.515491886;8.526289256;8.53503238;8.541871638;8.546927446;8.550340497;8.552232107;8.552689156;8.55176401;8.549510214;8.545972791;8.541244512;8.535457153;8.528803309;8.521488574;8.513718053;8.505668758;8.497523748
108;Peru;8.503606233;8.504436288;8.50510762;8.505341723;8.504744423;8.502884416;8.499422056;8.494154128;8.487011183;8.478037673;8.467243241;8.454621242;8.440274816;8.424488988;8.407734442;8.390349968;8.372593106;8.354682897;8.337052499;8.320558356;8.306237079;8.294914817;8.287069628;8.282850701;8.282031089;8.284073496;8.288359946;8.294326909;8.301474273;8.309459375;8.318018039;8.326941057;8.336083954;8.345309015
109;Philippines;7.849526276;7.87293968;7.89621543;7.919086563;7.941195709;7.962205858;7.981720811;7.999341012;8.01476408;8.02781486;8.038427014;8.046604572;8.0525046;8.056483111;8.059028694;8.060766417;8.062351717;8.064243238;8.066782891;8.070144934;8.074423594;8.079687475;8.086003244;8.093405813;8.101866714;8.111266888;8.121479076;8.132332301;8.143636002;8.155280655;8.167064728;8.178769369;8.19038175;8.201944349
110;Poland;8.418849787;8.45386404;8.488501909;8.522079442;8.553737777;8.58260135;8.60786719;8.628948843;8.645610614;8.658046056;8.666882222;8.673081093;8.677782875;8.682045017;8.686581987;8.691850276;8.698138886;8.705688121;8.714765523;8.725689215;8.738876268;8.754797046;8.773780379;8.795929285;8.82112176;8.84904956;8.879255522;8.911218704;8.944417672;8.978402754;9.012821531;9.047437048;9.082132289;9.116857429
111;Portugal;8.921429098;8.949218696;8.976834538;9.004026239;9.030569944;9.056451864;9.081840974;9.106835797;9.13153263;9.1560803;9.180625715;9.20533921;9.230454579;9.256244331;9.283000565;9.310941376;9.340074433;9.370189148;9.400925666;9.431851481;9.462573611;9.492784047;9.522316852;9.551147438;9.579340258;9.606949428;9.634028432;9.660598881;9.686662132;9.712215886;9.737286526;9.761946744;9.786325508;9.81057877
112;Puerto.Rico;9.049918125;9.070858192;9.091767933;9.112661745;9.13369028;9.155098184;9.1769739;9.199253846;9.221903408;9.244978091;9.268719649;9.293469725;9.319598191;9.347370188;9.376818367;9.407839815;9.44015191;9.473407436;9.50721462;9.541205256;9.575102027;9.608759428;9.642153565;9.675348317;9.708447559;9.741591705;9.774956204;9.808628141;9.842577123;9.876727282;9.910969938;9.945178911;9.979356308;10.01352294
113;Qatar;11.31810191;11.27437032;11.23012029;11.1846201;11.13706188;11.08686649;11.03397914;10.97842444;10.92035419;10.85999456;10.79779845;10.73451462;10.67106317;10.60855941;10.54819746;10.49110285;10.43832186;10.39065818;10.34871111;10.31283067;10.28317641;10.25984636;10.24289572;10.23224113;10.22783547;10.22954592;10.23704999;10.2497202;10.26649175;10.28622901;10.30797864;10.3310144;10.35479412;10.37886754
114;Romania;7.882173304;7.959155102;8.035862917;8.111821964;8.186380805;8.258942837;8.328657189;8.394461055;8.455354559;8.510372485;8.558779306;8.60005037;8.633852204;8.660026718;8.678561631;8.689632032;8.693696145;8.691449516;8.683856994;8.672171055;8.657911303;8.642670124;8.627987757;8.615047147;8.604496877;8.596522587;8.590990043;8.587682201;8.586444214;8.587082028;8.589299893;8.592699583;8.596805989;8.601182099
115;Rwanda;6.910494509;6.927240833;6.944117966;6.961264643;6.978712549;6.996406658;7.014077303;7.031038384;7.046551142;7.05974951;7.069763933;7.075894326;7.077603513;7.074664328;7.067061385;7.055100355;7.039125569;7.019599849;6.997230607;6.972959066;6.947935398;6.923638933;6.901462619;6.882800683;6.869160691;6.861852877;6.860657707;6.865036895;6.874382609;6.887813435;6.904385095;6.923140604;6.943176174;6.963722395
116;Samoa;7.883551626;7.897959118;7.912300318;7.926428584;7.940106328;7.953026983;7.964848885;7.97522309;7.983835803;7.990432577;7.994859994;7.997039532;7.997138711;7.995285111;7.991650916;7.98636535;7.979528467;7.97134393;7.962200012;7.952623237;7.943317585;7.93523907;7.929296276;7.926272579;7.926718545;7.93100135;7.939060496;7.950553843;7.96502176;7.981898498;8.000594027;8.020465598;8.040943306;8.061637207
117;Sao.Tome.and.Principe;6.965685324;7.002002707;7.038117103;7.073774576;7.108617383;7.141975953;7.17295538;7.200530246;7.223487413;7.241046334;7.252837873;7.259306848;7.261513305;7.260528334;7.257446031;7.253171163;7.248220535;7.242932248;7.237376412;7.231383891;7.224854088;7.217867412;7.210683324;7.203692918;7.197264872;7.191682528;7.187159349;7.18379618;7.18151089;7.180217754;7.179796044;7.179987499;7.180510017;7.181161159
118;Saudi.Arabia;10.00814719;10.04187984;10.0746256;10.10471977;10.13018602;10.14925788;10.16078727;10.16406591;10.15887928;10.14539759;10.12404921;10.09575;10.06195749;10.02471849;9.986206914;9.948288993;9.912393663;9.879487253;9.850146002;9.824470696;9.802225396;9.782821248;9.765577338;9.749929102;9.735485765;9.721927614;9.709006932;9.696511254;9.684307977;9.672340098;9.660611;9.649073036;9.637700637;9.626464521
119;Senegal;7.281279537;7.280833423;7.280460591;7.280242574;7.280273792;7.280490375;7.280716238;7.28077009;7.280666711;7.280443838;7.280097343;7.27967128;7.27914502;7.278319373;7.27711054;7.275543397;7.273544626;7.271080209;7.268145819;7.264800324;7.261248571;7.25774347;7.254567954;7.251992849;7.250237061;7.249370468;7.249363153;7.250044498;7.25113474;7.252365351;7.253470876;7.254324666;7.255065646;7.25578948
120;Sierra.Leone;7.1995648;7.202104753;7.204620502;7.207083953;7.209391706;7.211383019;7.212914951;7.213874387;7.214059513;7.213163686;7.210752821;7.206350729;7.199460392;7.189600613;7.176396518;7.159499861;7.138596116;7.11359581;7.084540684;7.051748576;7.015665355;6.976826213;6.935905769;6.893584181;6.85032056;6.806372062;6.761891554;6.717147054;6.672674198;6.628932562;6.586153644;6.544238771;6.502942794;6.461914911
121;Singapore;8.884951295;8.93943175;8.993777491;9.04779357;9.101282935;9.154145424;9.206404026;9.258054709;9.309063599;9.359321385;9.408700519;9.457145796;9.504762288;9.551719012;9.59818437;9.644385974;9.690626481;9.737068592;9.783637459;9.83009981;9.876121072;9.921306443;9.965262714;10.00757915;10.0478051;10.08558914;10.12072654;10.15319583;10.18315845;10.21101989;10.23718568;10.26208725;10.28628779;10.31022216
122;Solomon.Islands;7.549782557;7.571664552;7.593667605;7.615814195;7.637779347;7.658996125;7.678982513;7.697024321;7.712386558;7.724464792;7.732910214;7.737987416;7.74030615;7.740799565;7.740534129;7.740313065;7.740760483;7.74230557;7.745072342;7.748895408;7.75317112;7.757114429;7.759784767;7.760111383;7.757193784;7.750321352;7.738968952;7.722965419;7.702519439;7.678145563;7.650676825;7.621233427;7.590826818;7.560132172
123;Somalia;7.311505756;7.291321789;7.270922055;7.249936909;7.22829253;7.205872956;7.182721673;7.158964632;7.134474683;7.109166618;7.083305756;7.057226413;7.031144778;7.005157633;6.979513596;6.954467337;6.930075012;6.905951737;6.881606465;6.856535253;6.830383187;6.802920452;6.774094553;6.744150236;6.713520761;6.68291912;6.652821914;6.623500925;6.595126761;6.567706034;6.541133271;6.515199012;6.489652192;6.464258953
124;South.Africa;8.775689847;8.78857275;8.80142814;8.814198738;8.826841446;8.839304873;8.851445941;8.863092879;8.874073785;8.884241907;8.893429035;8.901467788;8.908268404;8.913782986;8.918028873;8.921141763;8.92335457;8.924953278;8.926197814;8.92732831;8.928590249;8.930278903;8.932748087;8.936353255;8.941349696;8.947885383;8.95599775;8.965605692;8.9765598;8.988660006;9.001636301;9.015188511;9.029050029;9.043020193
125;Spain;9.206547104;9.228565346;9.250418954;9.271802132;9.292395943;9.311985147;9.330524737;9.348076819;9.364825115;9.381055818;9.397116028;9.413360273;9.430145064;9.447765415;9.466429737;9.48624728;9.507214021;9.529210852;9.552022058;9.575405753;9.599151758;9.623132328;9.647326535;9.671814492;9.696731459;9.722169932;9.748168416;9.774709193;9.801706217;9.829026999;9.856527839;9.884088667;9.911648179;9.939197441
126;Sri.Lanka;7.127183218;7.166217261;7.20524282;7.244231994;7.283187821;7.32219583;7.361411092;7.400976893;7.440948067;7.481235613;7.521692002;7.56211605;7.602315143;7.642180446;7.681719058;7.720922183;7.759713369;7.798129353;7.836309067;7.874395774;7.912482191;7.950560901;7.988647031;8.026665672;8.064516317;8.102084491;8.139235149;8.175871941;8.211948797;8.247484192;8.282533918;8.317209753;8.351681236;8.38608836
127;St..Kitts...Nevis;8.21739581;8.251606129;8.285890834;8.320264884;8.354881426;8.390058766;8.426150168;8.463552209;8.502563454;8.543221757;8.585514352;8.62932457;8.674364232;8.720508643;8.767660055;8.815633997;8.86428443;8.913572952;8.963554225;9.014375402;9.065989342;9.118154328;9.1705277;9.222742958;9.274421988;9.325151394;9.374655609;9.42271661;9.469207385;9.514161112;9.55771663;9.60025694;9.642207049;9.683927782
128;St..Lucia;7.981824197;8.00675783;8.031653153;8.056644831;8.082069594;8.108377962;8.136090427;8.165728351;8.197552602;8.231849868;8.268694815;8.308147691;8.350044426;8.393926634;8.439055064;8.484532291;8.5293717;8.572543772;8.61320344;8.650617681;8.684272495;8.713898582;8.739445987;8.760994255;8.778839325;8.793460663;8.805331838;8.814956007;8.822795154;8.829191299;8.834507898;8.839134498;8.843450365;8.847678165
129;St.Vincent...Grenadines;7.810343303;7.828934875;7.847597148;7.866500883;7.886407719;7.908295777;7.933048582;7.961168421;7.992816853;8.027819522;8.066039562;8.107237531;8.150888006;8.196472736;8.243518761;8.29162711;8.340493501;8.389776226;8.439108003;8.488012538;8.53595308;8.582363636;8.626896493;8.669226758;8.709241397;8.747101326;8.783052818;8.817479949;8.850863755;8.883576042;8.915784267;8.947567341;8.979077966;9.010450363
130;Sudan;6.953877481;6.958631541;6.963230572;6.967411244;6.970806515;6.97314428;6.974186348;6.973729599;6.971786785;6.968610333;6.964614836;6.960287173;6.956089145;6.952505807;6.950059848;6.949120278;6.94979527;6.952004495;6.95555509;6.960224079;6.965733877;6.971748494;6.977904704;6.983888699;6.989456964;6.994442347;6.998758575;7.002436357;7.00564201;7.008741316;7.012101484;7.015785178;7.01971072;7.023752243
131;Suriname;8.219835102;8.244939749;8.270053658;8.295184809;8.320216175;8.344796375;8.36830303;8.389991769;8.409097185;8.425022384;8.437441991;8.446266251;8.45142192;8.45301625;8.451257624;8.446470736;8.439032479;8.429647538;8.419178839;8.408361397;8.398155007;8.389719463;8.384346505;8.383579382;8.389073343;8.402096654;8.423003755;8.451012851;8.48492756;8.523423497;8.565170441;8.609381264;8.655022461;8.701335981
132;Swaziland;8.027468883;8.087821004;8.147914193;8.207167692;8.264796426;8.320066863;8.372404224;8.421450892;8.466975885;8.508901108;8.547338367;8.582644487;8.615347836;8.646035032;8.675246539;8.70336241;8.730601333;8.75694355;8.782261621;8.806467772;8.829516265;8.851492307;8.872678047;8.893441931;8.914123953;8.934991295;8.956245804;8.978023763;9.000383689;9.02328165;9.046539458;9.069984179;9.093451083;9.11686974
133;Sweden;9.66283548;9.677490236;9.69213917;9.70673414;9.721197962;9.735453921;9.749463574;9.763259887;9.776949325;9.79062209;9.804328472;9.81812989;9.832095999;9.846240882;9.860511648;9.874774136;9.888877074;9.902681545;9.916087279;9.929077827;9.941742346;9.954304552;9.967097922;9.980480014;9.994757032;10.0100708;10.02644772;10.04384541;10.06213611;10.08111188;10.10052858;10.12017121;10.13991308;10.15968359
134;Switzerland;9.972165039;9.979912545;9.987619978;9.995276689;10.00295428;10.01085179;10.0192936;10.02847376;10.03842352;10.04906182;10.06022231;10.0717122;10.08340715;10.09524171;10.10713272;10.11895479;10.1305694;10.14185132;10.15268973;10.1629726;10.1726113;10.18159238;10.19002091;10.19805506;10.20586383;10.21358981;10.22135315;10.22923372;10.23724737;10.24535454;10.25350902;10.26164872;10.26975084;10.27782799
135;Syria;7.105813613;7.151154238;7.196158614;7.240204887;7.282755996;7.323060022;7.360361437;7.394128932;7.424078325;7.449745858;7.470738133;7.486765152;7.497734587;7.50391705;7.505958483;7.504825971;7.501656709;7.497655499;7.49390346;7.491263549;7.490644961;7.492568659;7.49714279;7.50420668;7.513433354;7.524370329;7.536457919;7.549119795;7.561908793;7.574555052;7.587030524;7.599364757;7.611623087;7.623843878
136;Taiwan;8.005078013;8.072815617;8.140447601;8.207842565;8.274940154;8.341835785;8.408588609;8.475132677;8.541382236;8.607257967;8.672792304;8.738107761;8.803370478;8.868733823;8.934224229;8.999743937;9.065125176;9.130060442;9.194188395;9.257199826;9.318835287;9.378898653;9.437224541;9.493681467;9.548179841;9.600678329;9.651200264;9.699835859;9.746746358;9.792171894;9.836397699;9.879758907;9.922654229;9.965380483
137;Tanzania;6.378564465;6.371449374;6.364278723;6.356881958;6.34908977;6.340715453;6.331539389;6.321399607;6.310300991;6.298359193;6.285780189;6.272893273;6.260179588;6.248235137;6.237726088;6.229295831;6.223579334;6.221185765;6.22268064;6.22859132;6.239403895;6.25553688;6.277338105;6.305127664;6.339063148;6.379039504;6.424509246;6.474435943;6.527214498;6.581679839;6.637062954;6.692911252;6.74894255;6.805000269
138;Thailand;7.437687664;7.484354338;7.531092459;7.578066761;7.625398444;7.673188819;7.72146875;7.77017224;7.819207369;7.868524111;7.91823169;7.968463483;8.019348137;8.071039205;8.123703062;8.177382999;8.231995098;8.287335724;8.343018687;8.398461567;8.452928364;8.505613871;8.555794605;8.602871979;8.646424191;8.686238227;8.722368105;8.755169449;8.785295659;8.813564001;8.84064284;8.867070058;8.893220648;8.919303485
139;Togo;7.255433041;7.238262974;7.220882696;7.203053464;7.184599944;7.165240073;7.144686933;7.122630988;7.098866868;7.073291381;7.045997802;7.017418395;6.988322141;6.959451524;6.931508844;6.905010092;6.880484141;6.858292276;6.838514833;6.821006873;6.805539362;6.791892044;6.779855347;6.769219595;6.759617015;6.750514826;6.741442126;6.732053308;6.722095165;6.711417493;6.700097827;6.688352999;6.676432493;6.664526068
140;Tonga;6.803807316;6.852641591;6.901838004;6.952006537;7.003908234;7.058141592;7.115231962;7.175565163;7.239411991;7.3068314;7.377419373;7.450126432;7.523266792;7.595210608;7.664568265;7.729957992;7.790384825;7.845215424;7.894180608;7.937308326;7.974717878;8.006609011;8.033339011;8.055555203;8.07396351;8.089211755;8.101873392;8.112502742;8.121564234;8.129456902;8.13649477;8.142903205;8.148893886;8.154672734
141;Trinidad..Tobago;9.136309757;9.161782995;9.18713835;9.211943474;9.235699164;9.257776843;9.277463129;9.29394831;9.30645205;9.314255459;9.316922331;9.314282198;9.306597281;9.294649461;9.279762064;9.263474303;9.247414353;9.233176337;9.222068533;9.215128694;9.213125704;9.216488858;9.225402949;9.239847781;9.259726634;9.284744122;9.314533941;9.348716976;9.38683422;9.428267074;9.472166624;9.517617875;9.564026307;9.610956289
142;Tunisia;7.991917458;8.026163262;8.060173249;8.093626573;8.126396935;8.158365647;8.189448797;8.219587783;8.248795063;8.2770837;8.304478541;8.331005177;8.356786512;8.382009729;8.406811498;8.431326061;8.455643798;8.479918098;8.504280539;8.528897241;8.553938927;8.579519652;8.605724004;8.632599472;8.660193884;8.688514883;8.717547925;8.747198041;8.777338755;8.807831135;8.838532278;8.869338733;8.900182493;8.931038934
143;Turkey;8.046791896;8.067825816;8.088784649;8.109551803;8.130023406;8.1500688;8.1695071;8.188195829;8.206174169;8.223694917;8.241157833;8.258990152;8.277479375;8.296796116;8.31695605;8.337858759;8.359333093;8.381133823;8.40301064;8.424797154;8.446356201;8.467481644;8.488025416;8.507837379;8.526798688;8.544916296;8.562098739;8.578225401;8.593241953;8.607246752;8.620487612;8.63320677;8.645722187;8.65818359
144;Uganda;7.023715923;6.991248317;6.958634916;6.925581587;6.891829167;6.857257176;6.821884104;6.785938291;6.749906932;6.714632091;6.681280862;6.650902601;6.624391852;6.602268632;6.58488197;6.572593881;6.565799046;6.56477115;6.569651047;6.580346994;6.596515664;6.617640371;6.643123736;6.672304773;6.704417277;6.738633195;6.774365262;6.811082953;6.848349312;6.885841074;6.923326356;6.960706627;6.997984889;7.035213812
145;United.Arab.Emirates;9.597181604;9.716733015;9.835255551;9.950647284;10.05921917;10.15648141;10.23918746;10.30538621;10.35423746;10.38589893;10.40101467;10.40088595;10.38770411;10.36437326;10.33410307;10.30009155;10.26548499;10.23319638;10.20525311;10.18296786;10.16688142;10.15707447;10.15355556;10.15622021;10.16486763;10.17895377;10.19773831;10.22038438;10.24606441;10.27406967;10.30372794;10.3343792;10.36555193;10.39693788
146;United.Kingdom;9.479130509;9.497312577;9.515443516;9.533436013;9.551195111;9.568749079;9.586180231;9.603561972;9.620993443;9.638574821;9.656447781;9.67481982;9.693874001;9.713697467;9.734266784;9.755484771;9.777185195;9.799160629;9.821203726;9.843159489;9.864999581;9.886819247;9.908793003;9.931076951;9.953755577;9.976839566;10.00030753;10.02410821;10.04816462;10.07238911;10.09670139;10.12103381;10.14535995;10.16968075
147;United.States;9.782293208;9.803329978;9.824325883;9.845209035;9.865937181;9.886560778;9.907129762;9.927615125;9.947971752;9.968180476;9.988306568;10.00849749;10.02889038;10.0495969;10.07058836;10.09173877;10.11292663;10.13405897;10.15507763;10.17596301;10.19675514;10.21756147;10.23852263;10.25972478;10.28120632;10.30295113;10.32491452;10.34700696;10.36910945;10.39110971;10.4129298;10.4345581;10.45606259;10.47752212
148;Uruguay;8.733575914;8.751718572;8.769907139;8.788202628;8.80654458;8.824755542;8.842554865;8.859645032;8.875756956;8.890633419;8.904126138;8.916348948;8.92776824;8.93919539;8.951492231;8.96529566;8.980916337;8.998312241;9.017281351;9.03764226;9.059149208;9.081439356;9.103957571;9.12599863;9.146886224;9.165999376;9.182892823;9.197196984;9.208701994;9.21743702;9.223756781;9.228239889;9.231609826;9.234615407
149;Vanuatu;7.552342948;7.5878171;7.623173599;7.658075271;7.691870218;7.723816978;7.753665864;7.781382633;7.807045715;7.830676203;7.852499482;7.872891158;7.89194486;7.909450315;7.925026728;7.938616756;7.950505038;7.961103267;7.970954675;7.980392696;7.989519771;7.998201854;8.006064201;8.012703389;8.017806057;8.021162654;8.022628448;8.022154822;8.019707147;8.015385947;8.009554073;8.002643004;7.995264583;7.987824376
150;Venezuela;8.955233439;8.969406328;8.983583158;8.997502316;9.010621376;9.022260168;9.031776944;9.038620843;9.042458985;9.043258559;9.04126389;9.03693743;9.030848999;9.023645586;9.015968468;9.008299897;9.000959047;8.994056509;8.987585827;8.981468164;8.975655365;8.969874303;8.963713901;8.956826014;8.949028427;8.940251736;8.930421003;8.91951278;8.907486472;8.894412907;8.880464513;8.865779769;8.850542921;8.83506979
151;Zambia;7.101003627;7.11240033;7.123656956;7.134452723;7.144478397;7.153477232;7.161030639;7.166655778;7.170103851;7.171177208;7.169708531;7.16556448;7.158591804;7.148703049;7.135830964;7.120114315;7.101857207;7.081356177;7.058736285;7.034133576;7.007753991;6.980063624;6.951555017;6.922890291;6.894790018;6.868046777;6.843319272;6.820901921;6.800806195;6.782868656;6.766734205;6.75191167;6.737901745;6.724211618
152;Zimbabwe;8.049367942;8.055167663;8.060757987;8.065905967;8.070439672;8.074281108;8.077606866;8.080726384;8.083924371;8.08712677;8.090002406;8.092154695;8.093160049;8.092939863;8.09166415;8.089878551;8.087988953;8.086245271;8.084660765;8.08287124;8.080340585;8.076661113;8.071588214;8.065307334;8.057967942;8.049631985;8.040361851;8.030010215;8.018410784;8.005448424;7.991081949;7.975449927;7.958933806;7.942059725
